"id","code","name","name@pl","account_type","reconcile","tag_ids"
"chart01001","010.01","Land",Grunty,"asset_fixed","False","trilab_pl_reports.Aktywa_A_II_1_A"
"chart01002","010.02","Buildings and structures",Budynki i budowle,"asset_fixed","False","trilab_pl_reports.Aktywa_A_II_1_B"
"chart01003","010.03","Plant and machinery","Urządzenia techniczne i maszyny","asset_fixed","False","trilab_pl_reports.Aktywa_A_II_1_C"
"chart01004","010.04","Means of transport",Środki transportu,"asset_fixed","False","trilab_pl_reports.Aktywa_A_II_1_D"
"chart01005","010.05","Other fixed assets",Inne środki trwałe,"asset_fixed","False","trilab_pl_reports.Aktywa_A_II_1_E"
"chart02001","020.01","Completed development work",Zakończone prace rozwojowe,"asset_fixed","False","trilab_pl_reports.Aktywa_A_I_1"
"chart02002","020.02","Goodwill","Wartość firmy","asset_fixed","False","trilab_pl_reports.Aktywa_A_I_2"
"chart02003","020.03","Other intangible assets.","Inne WNiP","asset_fixed","False","trilab_pl_reports.Aktywa_A_I_3"
"chart07101","071.01","Depreciation Land",Umorzenie grunty,"asset_fixed","False","trilab_pl_reports.Aktywa_A_II_1_A"
"chart07102","071.02","Depreciation Buildings and structures",Umorzenie budynki i budowle,"asset_fixed","False","trilab_pl_reports.Aktywa_A_II_1_B"
"chart07103","071.03","Depreciation Technical equipment and machinery",Umorzenie urządzenia techniczne i maszyny,"asset_fixed","False","trilab_pl_reports.Aktywa_A_II_1_C"
"chart07104","071.04","Depreciation Vehicles",Umorzenie środki transportu,"asset_fixed","False","trilab_pl_reports.Aktywa_A_II_1_D"
"chart07105","071.05","Depreciation Other fixed assets",Umorzenie inne środki trwałe,"asset_fixed","False","trilab_pl_reports.Aktywa_A_II_1_E"
"chart07201","072.01","Depreciation Development work",Umorzenie prace rozwojowe,"asset_fixed","False","trilab_pl_reports.Aktywa_A_I_1"
"chart07202","072.02","Depreciation Goodwill",Umorzenie wartość firmy,"asset_non_current","False","trilab_pl_reports.Aktywa_A_I_2"
"chart07203","072.03","Depreciation of other intangible assets",Umorzenie inne WNiP,"asset_non_current","False","trilab_pl_reports.Aktywa_A_I_3"
"chart08001","080.01","Fixed assets under construction Purchase",Środki trwałe w budowie zakup,"asset_fixed","False","trilab_pl_reports.Aktywa_A_II_2"
"chart1010101","101.01.01","Cash PLN",Kasa PLN,"asset_cash","False","trilab_pl_reports.Aktywa_B_III_1_C_1"
"chart1300101","130.01.01","Current account PLN",Rachunek bieżący PLN,"asset_cash","False","trilab_pl_reports.Aktywa_B_III_1_C_1"
"chart1300102","130.01.02","Current - Incoming Payments",Bieżący - przychodzące płatności,"asset_current","True","trilab_pl_reports.Pasywa_B_II_3_E"
"chart1300103","130.01.03","Current - Outgoing payments",Bieżący - wychodzące płatności,"asset_current","True","trilab_pl_reports.Aktywa_B_II_3_C"
"chart13099","130.99","Unreconciled statement items",Nieuzgodnione pozycje wyciągów,"asset_cash","False","trilab_pl_reports.Aktywa_B_III_1_C_1"
"chart1310101","131.01.01","VAT account","Rachunek VAT","asset_cash","False","trilab_pl_reports.Aktywa_B_III_1_C_1"
"chart1310102","131.01.02","VAT - Incoming Payments",VAT - Przychodzące wpłaty,"asset_current","True","trilab_pl_reports.Pasywa_B_II_3_E"
"chart1310103","131.01.03","VAT - Outgoing payments",VAT - Wychodzące płatności,"asset_current","True","trilab_pl_reports.Aktywa_B_II_3_C"
"chart14901","149.01","Cash in transit","Środki pieniężne w drodze","asset_current","True","trilab_pl_reports.Aktywa_B_III_1_C_2"
"chart20001","200.01","Domestic receivables for deliveries",Krajowe należności za dostawy,"asset_receivable","True","trilab_pl_reports.Aktywa_B_II_3_A_1"
"chart20002","200.02","Foreign receivables for deliveries",Zagraniczne należności za dostawy,"asset_receivable","True","trilab_pl_reports.Aktywa_B_II_3_A_1"
"chart20501","205.01","Domestic payables for deliveries",Krajowe zobowiązania za dostawy,"liability_payable","True","trilab_pl_reports.Pasywa_B_III_3_D_1"
"chart20502","205.02","Foreign payables for deliveries","Zagraniczne zobowiązania za dostawy","liability_payable","True","trilab_pl_reports.Pasywa_B_III_3_D_1"
"chart21001","210.01","POS sales receivables",Należności ze sprzedaży PoS,"liability_payable","True","trilab_pl_reports.Aktywa_B_II_3_A_1"
"chart22001","220.01","Budgetary settlements Corporate income tax CIT.",Rozrachunki budżetowe Podatek dochodowy od osób prawnych CIT,"liability_payable","True","trilab_pl_reports.Pasywa_B_III_3_G"
"chart22002","220.02","Budgetary settlements Personal income tax PIT 4",Rozrachunki budżetowe Podatek dochodowy od osób fizycznych PIT4,"liability_payable","True","trilab_pl_reports.Pasywa_B_III_3_G"
"chart22003","220.03","Budget settlements Personal income tax PIT 8",Rozrachunki budżetowe Podatek dochodowy od osób fizycznych PIT8,"liability_payable","True","trilab_pl_reports.Pasywa_B_III_3_G"
"chart22004","220.04","Budget settlements PFRON",Rozrachunki budżetowe PFRON,"liability_payable","True","trilab_pl_reports.Pasywa_B_III_3_G"
"chart22005","220.05","Budgetary settlements Local taxes.",Rozrachunki budżetowe podatki lokalne,"liability_payable","True","trilab_pl_reports.Pasywa_B_III_3_G"
"chart22006","220.06","Customs settlements","Rozrachunki z urzędem celnym","liability_payable","True","trilab_pl_reports.Pasywa_B_III_3_G"
"chart22007","220.07","Settlements with Social Security Office",Rozrachunki z ZUS,"liability_payable","True","trilab_pl_reports.Pasywa_B_III_3_G"
"chart22099","220.99","Budgetary settlements Receivables to the balance sheet",Rozrachunki budżetowe należności do bilansu,asset_receivable,"True","trilab_pl_reports.Aktywa_B_II_3_B"
"chart22101","221.01","VAT due current","VAT należny bieżący","liability_current","False","trilab_pl_reports.Pasywa_B_III_3_G"
"chart22102","221.02","Current input VAT","VAT naliczony bieżący","asset_current","False","trilab_pl_reports.Aktywa_B_II_3_B"
"chart22103","221.03","VAT receivable deferred","VAT należny odroczony","liability_current","False","trilab_pl_reports.Pasywa_B_III_3_G"
"chart22104","221.04","Deferred input VAT","VAT naliczony odroczony","asset_current","False","trilab_pl_reports.Aktywa_B_II_3_B"
"chart22108","221.08","Settlement with the tax office of VAT - liabilities.","Rozliczenie z urzędem skarbowym podatku VAT - zobowiązania","liability_payable","True","trilab_pl_reports.Pasywa_B_III_3_G"
"chart22109","221.09","Settlement with the tax office of VAT - receivables.","Rozliczenie z urzędem skarbowym podatku VAT - należności","asset_receivable","True","trilab_pl_reports.Aktywa_B_II_3_B"
"chart23101","231.01","Settlements with employees on account of wages and salaries","Rozrachunki z pracownikami z tytułu wynagrodzeń","liability_payable","True","trilab_pl_reports.Pasywa_B_III_3_H"
"chart23401","234.01","Other settlements with employees - liabilities","Inne rozrachunki z pracownikami - zobowiązania","liability_payable","True","trilab_pl_reports.Pasywa_B_III_3_I"
"chart23402","234.02","Other settlements with employees - receivables","Inne rozrachunki z pracownikami - należności","asset_receivable","True","trilab_pl_reports.Aktywa_B_II_3_C"
"chart24201","242.01","Settlement of inventory","Rozliczenie inwentaryzacji","asset_current","False","trilab_pl_reports.Aktywa_B_II_3_C"
"chart24901","249.01","Other settlements Employee insurance",Inne rozrachunki ubezpieczenie pracowników,"liability_current","True","trilab_pl_reports.Pasywa_B_II_3_E"
"chart24902","249.02","Other settlements Insurance receivables from injury settlements",Inne rozrachunki ubezpieczenia należności z rozliczeń za szkody,"asset_current","True","trilab_pl_reports.Aktywa_B_II_3_C"
"chart24903","249.03","Other settlements Deductions from employees",Inne rozrachunki potrącenia od pracowników,"liability_current","True","trilab_pl_reports.Pasywa_B_II_3_E"
"chart24999","249.99","Other settlements Other technical account",Inne rozrachunki pozostałe konto techniczne,"liability_current","False","trilab_pl_reports.Pasywa_B_II_3_E"
"chart25001","250.01","Settlements with shareholders for dividends",Rozrachunki z akcjonariuszami i udziałowcami z tytułu dywidend,"liability_payable","True","trilab_pl_reports.Pasywa_B_III_3_I"
"chart25002","250.02","Settlements with shareholders and capital stockholders","Rozrachunki z akcjonariuszami i udziałowcami z tytułu kapitału","asset_receivable","True","trilab_pl_reports.Aktywa_C"
"chart27001","270.01","Allowances for receivables","Odpisy aktualizujące należności","asset_current","False","trilab_pl_reports.Aktywa_B_II_3_A_1"
"chart27011","270.11","Allowances for materials","Odpisy aktualizujące materiały","asset_current","False","trilab_pl_reports.Aktywa_B_I_1"
"chart27012","270.12","Allowances for goods","Odpisy aktualizujące towary","asset_current","False","trilab_pl_reports.Aktywa_B_I_4"
"chart27013","270.13","Allowances for products","Odpisy aktualizujące produkty","asset_current","False","trilab_pl_reports.Aktywa_B_I_3"
"chart30001","300.01","Settlement of purchases","Rozliczenie zakupu","asset_current","True","trilab_pl_reports.Aktywa_B_I_4"
"chart30501","305.01","Settlement of sales","Rozliczenie sprzedaży","asset_current","True","trilab_pl_reports.Aktywa_B_I_4"
"chart31001","310.01","Materials","Materiały","asset_current","True","trilab_pl_reports.Aktywa_B_I_1"
"chart33001","330.01","Trade goods","Towary handlowe","asset_current","False","trilab_pl_reports.Aktywa_B_I_4"
"chart34001","340.01","Deviations from book prices of materials","Odchylenia od cen ewidencyjnych materiałów","asset_current","False","trilab_pl_reports.Aktywa_B_I_1"
"chart34002","340.02","Deviations from book prices of goods","Odchylenia od cen ewidencyjnych towarów","asset_current","False","trilab_pl_reports.Aktywa_B_I_4"
"chart40001","400.01","ST depreciation","Amortyzacja ST","expense_depreciation","False","trilab_pl_reports.RZiSPor_B_I,trilab_pl_reports.RZiSKalk_E"
"chart40002","400.02","Depreciation of intangible assets.","Amortyzacja WNiP","expense_depreciation","False","trilab_pl_reports.RZiSPor_B_I,trilab_pl_reports.RZiSKalk_E"
"chart40101","401.01","Inventory materials","Materiały z zapasów","expense","False","trilab_pl_reports.RZiSPor_B_II,trilab_pl_reports.RZiSKalk_E"
"chart40102","401.02","Tools","Narzędzia","expense","False","trilab_pl_reports.RZiSPor_B_II,trilab_pl_reports.RZiSKalk_E"
"chart40103","401.03","Packaging","Opakowania","expense","False","trilab_pl_reports.RZiSPor_B_II,trilab_pl_reports.RZiSKalk_E"
"chart40104","401.04","Spare parts","Części zamienne","expense","False","trilab_pl_reports.RZiSPor_B_II,trilab_pl_reports.RZiSKalk_E"
"chart40111","401.11","Office supplies","Materiały biurowe","expense","False","trilab_pl_reports.RZiSPor_B_II,trilab_pl_reports.RZiSKalk_E"
"chart40112","401.12","Groceries","Artykuły spożywcze","expense","False","trilab_pl_reports.RZiSPor_B_II,trilab_pl_reports.RZiSKalk_E"
"chart40113","401.13","Small equipment","Drobne wyposażenie","expense","False","trilab_pl_reports.RZiSPor_B_II,trilab_pl_reports.RZiSKalk_E"
"chart40121","401.21","Fuel","Paliwo","expense","False","trilab_pl_reports.RZiSPor_B_II,trilab_pl_reports.RZiSKalk_E"
"chart40122","401.22","Gas","Gaz","expense","False","trilab_pl_reports.RZiSPor_B_II,trilab_pl_reports.RZiSKalk_E"
"chart40123","401.23","Water","Woda","expense","False","trilab_pl_reports.RZiSPor_B_II,trilab_pl_reports.RZiSKalk_E"
"chart40124","401.24","Electricity","Energia elektryczna","expense","False","trilab_pl_reports.RZiSPor_B_II,trilab_pl_reports.RZiSKalk_E"
"chart40199","401.99","Other materials and energy","Pozostałe materiały i energia","expense","False","trilab_pl_reports.RZiSPor_B_II,trilab_pl_reports.RZiSKalk_E"
"chart40201","402.01","Freight transportation services","Usługi transport towarowy","expense","False","trilab_pl_reports.RZiSPor_B_III,trilab_pl_reports.RZiSKalk_E"
"chart40202","402.02","Passenger transport services","Usługi transport osobowy","expense","False","trilab_pl_reports.RZiSPor_B_III,trilab_pl_reports.RZiSKalk_E"
"chart40203","402.03","Courier and postal services","Usługi kurierskie i pocztowe","expense","False","trilab_pl_reports.RZiSPor_B_III,trilab_pl_reports.RZiSKalk_E"
"chart40204","402.04","Forwarding services","Usługi spedycyjne","expense","False","trilab_pl_reports.RZiSPor_B_III,trilab_pl_reports.RZiSKalk_E"
"chart40205","402.05","Outsourcing services","Usługi outsourcingu","expense","False","trilab_pl_reports.RZiSPor_B_III,trilab_pl_reports.RZiSKalk_E"
"chart40206","402.06","Waste and waste disposal","Usuwanie odpadów i nieczystości","expense","False","trilab_pl_reports.RZiSPor_B_III,trilab_pl_reports.RZiSKalk_E"
"chart40207","402.07","Repair and maintenance services","Usługi remontu i konserwacji","expense","False","trilab_pl_reports.RZiSPor_B_III,trilab_pl_reports.RZiSKalk_E"
"chart40210","402.10","Leasing services","Usługi leasingu","expense","False","trilab_pl_reports.RZiSPor_B_III,trilab_pl_reports.RZiSKalk_E"
"chart40221","402.21","Health and safety services","Usługi BHP","expense","False","trilab_pl_reports.RZiSPor_B_III,trilab_pl_reports.RZiSKalk_E"
"chart40222","402.22","HR services","Usługi HR","expense","False","trilab_pl_reports.RZiSPor_B_III,trilab_pl_reports.RZiSKalk_E"
"chart40223","402.23","Services of permanent associates (B2B)","Usługi stałych współpracowników (B2B)","expense","False","trilab_pl_reports.RZiSPor_B_III,trilab_pl_reports.RZiSKalk_E"
"chart40224","402.24","IT services","Obsługa IT","expense","False","trilab_pl_reports.RZiSPor_B_III,trilab_pl_reports.RZiSKalk_E"
"chart40226","402.26","Legal services","Usługi prawne","expense","False","trilab_pl_reports.RZiSPor_B_III,trilab_pl_reports.RZiSKalk_E"
"chart40227","402.27","Accounting and tax services","Usługi księgowo-podatkowe","expense","False","trilab_pl_reports.RZiSPor_B_III,trilab_pl_reports.RZiSKalk_E"
"chart40228","402.28","Telecommunications services","Usługi telekomunikacyjne","expense","False","trilab_pl_reports.RZiSPor_B_III,trilab_pl_reports.RZiSKalk_E"
"chart40229","402.29","Banking services","Usługi bankowe","expense","False","trilab_pl_reports.RZiSPor_B_III,trilab_pl_reports.RZiSKalk_E"
"chart40230","402.30","Insurance services","Usługi ubezpieczeniowe","expense","False","trilab_pl_reports.RZiSPor_B_III,trilab_pl_reports.RZiSKalk_E"
"chart40299","402.99","Other third-party services","Pozostałe usługi obce","expense","False","trilab_pl_reports.RZiSPor_B_III,trilab_pl_reports.RZiSKalk_E"
"chart40301","403.01","Property tax","Podatek od nieruchomości","expense","False","trilab_pl_reports.RZiSPor_B_IV,trilab_pl_reports.RZiSKalk_E"
"chart40302","403.02","Transportation tax","Podatek transportowy","expense","False","trilab_pl_reports.RZiSPor_B_IV,trilab_pl_reports.RZiSKalk_E"
"chart40303","403.03","Environmental fees","Opłaty środowiskowe","expense","False","trilab_pl_reports.RZiSPor_B_IV,trilab_pl_reports.RZiSKalk_E"
"chart40304","403.04","Non-deductible VAT","Nieodliczalny VAT","expense","False","trilab_pl_reports.RZiSPor_B_IV,trilab_pl_reports.RZiSKalk_E"
"chart40305","403.05","Excise taxes","Akcyza","expense","False","trilab_pl_reports.RZiSPor_B_IV,trilab_pl_reports.RZiSKalk_E"
"chart40399","403.99","Other taxes and fees","Pozostałe podatki i opłaty","expense","False","trilab_pl_reports.RZiSPor_B_IV,trilab_pl_reports.RZiSKalk_E"
"chart40401","404.01","Personnel salaries","Wynagrodzenia osobowe","expense","False","trilab_pl_reports.RZiSPor_B_V,trilab_pl_reports.RZiSKalk_E"
"chart40402","404.02","Non-personnel salaries","Wynagrodzenia bezosobowe","expense","False","trilab_pl_reports.RZiSPor_B_V,trilab_pl_reports.RZiSKalk_E"
"chart40403","404.03","Sick pay","Wynagrodzenia chorobowe","expense","False","trilab_pl_reports.RZiSPor_B_V,trilab_pl_reports.RZiSKalk_E"
"chart40499","404.99","Other salaries","Pozostałe wynagrodzenia","expense","False","trilab_pl_reports.RZiSPor_B_V,trilab_pl_reports.RZiSKalk_E"
"chart40501","405.01","Insurance benefits: E-R contributions","Ubezpieczenia świadczenia: składki E-R","expense","False","trilab_pl_reports.RZiSPor_B_VI,trilab_pl_reports.RZiSKalk_E"
"chart40502","405.02","Insurance benefits: accident contributions","Ubezpieczenia świadczenia: składki wypadkowe","expense","False","trilab_pl_reports.RZiSPor_B_VI,trilab_pl_reports.RZiSKalk_E"
"chart40503","405.03","Insurance benefits: labor fund","Ubezpieczenia świadczenia: fundusz pracy","expense","False","trilab_pl_reports.RZiSPor_B_VI,trilab_pl_reports.RZiSKalk_E"
"chart40504","405.04","Insurance benefits: FGSP","Ubezpieczenia świadczenia: FGSP","expense","False","trilab_pl_reports.RZiSPor_B_VI,trilab_pl_reports.RZiSKalk_E"
"chart40511","405.11","Benefits insurance: training","Ubezpieczenia świadczenia: szkolenia","expense","False","trilab_pl_reports.RZiSPor_B_VI,trilab_pl_reports.RZiSKalk_E"
"chart40512","405.12","Insurance benefits: SOCIAL SECURITY FUND","Ubezpieczenia świadczenia: ZFŚS","expense","False","trilab_pl_reports.RZiSPor_B_VI,trilab_pl_reports.RZiSKalk_E"
"chart40599","405.99","Other insurance benefits ","Pozostałe ubezpieczenia świadczenia ","expense","False","trilab_pl_reports.RZiSPor_B_VI,trilab_pl_reports.RZiSKalk_E"
"chart40601","406.01","Other: business travel","Pozostałe: podróżne służbowe","expense","False","trilab_pl_reports.RZiSPor_B_VII,trilab_pl_reports.RZiSKalk_E"
"chart40603","406.03","Other: sales commissions","Pozostałe: prowizje handlowe","expense","False","trilab_pl_reports.RZiSPor_B_VII,trilab_pl_reports.RZiSKalk_E"
"chart40604","406.04","Other: licenses, subscriptions, franchises","Pozostałe: licencje, subskrypcje, franszyza","expense","False","trilab_pl_reports.RZiSPor_B_VII,trilab_pl_reports.RZiSKalk_E"
"chart40605","406.05","Other: representation","Pozostałe: reprezentacja","expense","False","trilab_pl_reports.RZiSPor_B_VII,trilab_pl_reports.RZiSKalk_E"
"chart40699","406.99","Other: other costs","Pozostałe: inne koszty","expense","False","trilab_pl_reports.RZiSPor_B_VII,trilab_pl_reports.RZiSKalk_E"
"chart49001","490.01","Transfer of production costs","Przeniesienie kosztów produkcji","expense","False","trilab_pl_reports.RZiSPor_A_II,trilab_pl_reports.RZiSKalk_E"
"chart58001","580.01","Settlement of production","Rozliczenie produkcji","asset_current","False","trilab_pl_reports.Aktywa_B_I_2"
"chart60001","600.01","Finished goods","Wyroby gotowe","asset_current","False","trilab_pl_reports.Aktywa_B_I_3"
"chart62001","620.01","Deviations from valuation of finished goods","Odchylenia od wyceny wyrobów gotowych","asset_current","False","trilab_pl_reports.Aktywa_B_I_3"
"chart64001","640.01","Prepaid expenses","Czynne rozliczenia międzyokresowe kosztów","asset_current","True","trilab_pl_reports.Aktywa_B_IV"
"chart65001","650.01","Deferred income tax assets","Aktywa z tytułu odroczonego podatku dochodowego","asset_non_current","False","trilab_pl_reports.Aktywa_A_V_1"
"chart70101","701.01","Net income from sales of finished goods (products)","Przychody netto ze sprzedaży wyrobów gotowych (produktów)","income","False","trilab_pl_reports.RZiSPor_A_I,trilab_pl_reports.RZiSKalk_A_I"
"chart70201","702.01","Net income from sales of services","Przychody netto ze sprzedaży usług","income","False","trilab_pl_reports.RZiSPor_A_I,trilab_pl_reports.RZiSKalk_A_I"
"chart70301","703.01","Costs of finished goods (products) sold","Koszty sprzedanych wyrobów gotowych (produktów)","expense_direct_cost","False","trilab_pl_reports.RZiSPor_A_II,trilab_pl_reports.RZiSKalk_B_I"
"chart73001","730.01","Net revenue from goods sold","Przychody netto ze sprzedanych towarów","income","False","trilab_pl_reports.RZiSPor_A_IV,trilab_pl_reports.RZiSKalk_A_II"
"chart73101","731.01","Value of goods sold at purchase/acquisition price",Wartość sprzedanych towarów w cenie zakupu/nabycia			,"expense_direct_cost","False","trilab_pl_reports.RZiSPor_B_VIII,trilab_pl_reports.RZiSKalk_B_II"
"chart74001","740.01","Net income from sold materials","Przychody netto ze sprzedanych materiałów","income","False","trilab_pl_reports.RZiSPor_D_IV,trilab_pl_reports.RZiSKalk_G_IV"
"chart74101","741.01","Value of materials sold at purchase/acquisition price","Wartość sprzedanych materiałów w cenie zakupu/nabycia","expense_direct_cost","False","trilab_pl_reports.RZiSPor_E_III,trilab_pl_reports.RZiSKalk_H_III"
"chart75001","750.01","Income from financial operations Dividends from related parties",Przychody z operacji finansowych dywidendy od powiązanych,"income_other","False","trilab_pl_reports.RZiSPor_G_I_A,trilab_pl_reports.RZiSKalk_J_I_A"
"chart75002","750.02","Income from financial operations Dividends from others",Przychody z operacji finansowych dywidendy od pozostałych,"income_other","False","trilab_pl_reports.RZiSPor_G_I_B,trilab_pl_reports.RZiSKalk_J_I_B"
"chart75011","750.11","Income from financial operations Budgetary interest",Przychody z operacji finansowych odsetki budżetowe,"income_other","False","trilab_pl_reports.RZiSPor_G_II,trilab_pl_reports.RZiSKalk_J_II"
"chart75012","750.12","Income from financial operations Other interest",Przychody z operacji finansowych odsetki inne,"income_other","False","trilab_pl_reports.RZiSPor_G_II,trilab_pl_reports.RZiSKalk_J_II"
"chart75021","750.21","Income from financial operations Profit on outflow of assets",Przychody z operacji finansowych zysk z rozchodu aktywów,"income_other","False","trilab_pl_reports.RZiSPor_G_III,trilab_pl_reports.RZiSKalk_J_III,trilab_pl_reports.RZiSPor_H_II,trilab_pl_reports.RZiSKalk_K_II"
"chart75031","750.31","Income from financial operations Foreign exchange gains Realized",Przychody z operacji finansowych dodatnie różnice kursowe zrealizowane,"income_other","False","trilab_pl_reports.RZiSPor_G_V_rk,trilab_pl_reports.RZiSKalk_J_V_rk,trilab_pl_reports.RZiSPor_H_IV_rk,trilab_pl_reports.RZiSKalk_K_IV_rk"
"chart75032","750.32","Income from financial operations Foreign exchange gains Balanced",Przychody z operacji finansowychd dodatnie różnice kursowe bilansowe,"income_other","False","trilab_pl_reports.RZiSPor_G_V_rk,trilab_pl_reports.RZiSKalk_J_V_rk,trilab_pl_reports.RZiSPor_H_IV_rk,trilab_pl_reports.RZiSKalk_K_IV_rk"
"chart75091","750.91","Income from financial operations Other",Przychody z operacji finansowych pozostałe,"income_other","False","trilab_pl_reports.RZiSPor_G_V_poz,trilab_pl_reports.RZiSKalk_J_V_poz"
"chart75111","751.11","Costs from financial operations Budgetary interest",Koszty z operacji finansowych odsetki budżetowe,"expense","False","trilab_pl_reports.RZiSPor_H_I,trilab_pl_reports.RZiSKalk_K_I"
"chart75112","751.12","Costs from financial operations Other interest",Koszty z operacji finansowych odsetki pozostałe,"expense","False","trilab_pl_reports.RZiSPor_H_I,trilab_pl_reports.RZiSKalk_K_I"
"chart75121","751.21","Costs from financial operations Loss on outflow of assets",Koszty z operacji finansowych strata z rozchodu aktywów,"expense","False","trilab_pl_reports.RZiSPor_H_II,trilab_pl_reports.RZiSKalk_K_II,trilab_pl_reports.RZiSPor_G_III,trilab_pl_reports.RZiSKalk_J_III"
"chart75131","751.31","Costs from financial operations Exchange rate differences Realized",Koszty z operacji finansowych różnice kursowe zrealizowane,"expense","False","trilab_pl_reports.RZiSPor_G_V_rk,trilab_pl_reports.RZiSKalk_J_V_rk,trilab_pl_reports.RZiSPor_H_IV_rk,trilab_pl_reports.RZiSKalk_K_IV_rk"
"chart75132","751.32","Costs from financial operations Exchange rate differences Balance sheet",Koszty z operacji finansowych różnice kursowe bilansowe,"expense","False","trilab_pl_reports.RZiSPor_G_V_rk,trilab_pl_reports.RZiSKalk_J_V_rk,trilab_pl_reports.RZiSPor_H_IV_rk,trilab_pl_reports.RZiSKalk_K_IV_rk"
"chart75191","751.91","Costs from financial operations Other",Koszty z operacji finansowych pozostałe,"expense","False","trilab_pl_reports.RZiSPor_H_IV_poz,trilab_pl_reports.RZiSKalk_K_IV_poz"
"chart76001","760.01","Other operating income Grants",Pozostałe przychody operacyjne dotacje,"income_other","False","trilab_pl_reports.RZiSPor_D_II,trilab_pl_reports.RZiSKalk_G_II"
"chart76002","760.02","Other operating income Gain on disposal of non-financial fixed assets",Pozostałe przychody operacyjne zysk z rozchodu niefinansowych aktywów trwałych,"income_other","False","trilab_pl_reports.RZiSPor_D_I,trilab_pl_reports.RZiSKalk_G_I,trilab_pl_reports.RZiSPor_E_I,trilab_pl_reports.RZiSKalk_H_I"
"chart76003","760.03","Other operating income Revaluation of non-financial assets",Pozostałe przychody operacyjne aktualizacja wartości aktywów niefinansowych,"income_other","False","trilab_pl_reports.RZiSPor_D_III,trilab_pl_reports.RZiSKalk_G_III"
"chart76004","760.04","Other operating income Rounding differences",Pozostałe przychody operacyjne różnice zaokrągleń,"income_other","False","trilab_pl_reports.RZiSPor_D_IV,trilab_pl_reports.RZiSKalk_G_IV"
"chart76005","760.05","Other operating income Settlement of inventory",Pozostałe przychody operacyjne rozliczenie inwentaryzacji,"income_other","False","trilab_pl_reports.RZiSPor_D_IV,trilab_pl_reports.RZiSKalk_G_IV"
"chart76099","760.99","Other operating income Other",Pozostałe przychody operacyjne inne,"income_other","False","trilab_pl_reports.RZiSPor_D_IV,trilab_pl_reports.RZiSKalk_G_IV"
"chart76102","761.02","Other operating expenses Loss on disposal of nonfinancial fixed assets",Pozostałe koszty operacyjne strata z rozchodu niefinansowych aktywów trwałych,"expense","False","trilab_pl_reports.RZiSPor_E_I,trilab_pl_reports.RZiSKalk_H_I,trilab_pl_reports.RZiSPor_D_I,trilab_pl_reports.RZiSKalk_G_I"
"chart76103","761.03","Other operating expenses Revaluation of non-financial assets",Pozostałe koszty operacyjne aktualizacja wartości aktywów niefinansowych,"expense","False","trilab_pl_reports.RZiSPor_E_II,trilab_pl_reports.RZiSKalk_H_II"
"chart76104","761.04","Other operating expenses Rounding differences",Pozostałe koszty operacyjne różnice zaokrągleń,"expense","False","trilab_pl_reports.RZiSPor_E_III,trilab_pl_reports.RZiSKalk_H_III"
"chart76105","761.05","Other operating expenses Settlement of inventory",Pozostałe koszty operacyjne rozliczenie inwentaryzacji,"expense","False","trilab_pl_reports.RZiSPor_E_III,trilab_pl_reports.RZiSKalk_H_III"
"chart76106","761.06","Other operating expenses Donations, discounts","Pozostałe koszty operacyjne darowizny, rabaty","expense","False","trilab_pl_reports.RZiSPor_E_III,trilab_pl_reports.RZiSKalk_H_III"
"chart76199","761.99","Other operating expenses Other",Pozostałe koszty operacyjne inne,"expense","False","trilab_pl_reports.RZiSPor_E_III,trilab_pl_reports.RZiSKalk_H_III"
"chart80001","800.01","Share capital",Kapitał zakładowy,"equity","False","trilab_pl_reports.Pasywa_A_I"
"chart81001","810.01","Supplementary capital","Kapitał zapasowy","equity","False","trilab_pl_reports.Pasywa_A_II"
"chart82001","820.01","Settlement of financial result","Rozliczenie wyniku finansowego","equity","False","trilab_pl_reports.Pasywa_A_V"
"chart83001","830.01","Provision for income tax","Rezerwa na podatek dochodowy","liability_non_current","False","trilab_pl_reports.Pasywa_B_I_1"
"chart83002","830.02","Other reserves","Pozostałe rezerwy","liability_non_current","False","trilab_pl_reports.Pasywa_B_I_3_1"
"chart84501","845.01","Deferred income - advances","Przychody przyszłych okresów - zaliczki","asset_prepayments","True","trilab_pl_reports.Pasywa_B_IV_2_2"
"chart84901","849.01","Deferred income - other","Przychody przyszłych okresów - pozostałe","asset_prepayments","True","trilab_pl_reports.Pasywa_B_IV_2_2"
"chart85001","850.01","Company Social Benefits Fund","Zakładowy Fundusz Świadczeń Socjalnych","liability_non_current","False","trilab_pl_reports.Pasywa_B_III_4"
"chart86001","860.01","Previous year's financial result","Wynik finansowy roku ubiegłego","equity_unaffected","False","trilab_pl_reports.Pasywa_A_VI"
"chart87001","870.01","Mandatory write-offs of financial result Income tax",Obowiązkowe odpisy wyniku finansowego podatek dochodowy,"expense","False","trilab_pl_reports.RZiSPor_J,trilab_pl_reports.RZiSKalk_M"
"chart87002","870.02","Mandatory write-offs of financial result Deferred tax",Obowiązkowe odpisy wyniku finansowego podatek odroczony,"expense","False","trilab_pl_reports.RZiSPor_J,trilab_pl_reports.RZiSKalk_N"
"chart991","991","Differences in statement in plus","Różnice w wyciągu in plus","income_other","False",""
"chart992","992","Differences in statement in minus","Różnice w wyciągu in minus","expense","False",""
"chart993","993","Differences in cash in plus","Różnice w kasie in plus","income_other","False",""
"chart994","994","Differences in cash in minus","Różnice w kasie in minus","expense","False",""
"chart999","999","Technical balancing account",Techniczne konto bilansujące,"asset_current","False",""
