"id","name","applicability"
"Aktywa_A_I_1","Aktywa_A_I_1","Accounts"
"Aktywa_A_I_2","Aktywa_A_I_2","Accounts"
"Aktywa_A_I_3","Aktywa_A_I_3","Accounts"
"Aktywa_A_I_4","Aktywa_A_I_4","Accounts"
"Aktywa_A_II_1_A","Aktywa_A_II_1_A","Accounts"
"Aktywa_A_II_1_B","Aktywa_A_II_1_B","Accounts"
"Aktywa_A_II_1_C","Aktywa_A_II_1_C","Accounts"
"Aktywa_A_II_1_D","Aktywa_A_II_1_D","Accounts"
"Aktywa_A_II_1_E","Aktywa_A_II_1_E","Accounts"
"Aktywa_A_II_2","Aktywa_A_II_2","Accounts"
"Aktywa_A_II_3","Aktywa_A_II_3","Accounts"
"Aktywa_A_III_1","Aktywa_A_III_1","Accounts"
"Aktywa_A_III_2","Aktywa_A_III_2","Accounts"
"Aktywa_A_III_3","Aktywa_A_III_3","Accounts"
"Aktywa_A_IV_1","Aktywa_A_IV_1","Accounts"
"Aktywa_A_IV_2","Aktywa_A_IV_2","Accounts"
"Aktywa_A_IV_3_A_1","Aktywa_A_IV_3_A_1","Accounts"
"Aktywa_A_IV_3_A_2","Aktywa_A_IV_3_A_2","Accounts"
"Aktywa_A_IV_3_A_3","Aktywa_A_IV_3_A_3","Accounts"
"Aktywa_A_IV_3_A_4","Aktywa_A_IV_3_A_4","Accounts"
"Aktywa_A_IV_3_B_1","Aktywa_A_IV_3_B_1","Accounts"
"Aktywa_A_IV_3_B_2","Aktywa_A_IV_3_B_2","Accounts"
"Aktywa_A_IV_3_B_3","Aktywa_A_IV_3_B_3","Accounts"
"Aktywa_A_IV_3_B_4","Aktywa_A_IV_3_B_4","Accounts"
"Aktywa_A_IV_3_C_1","Aktywa_A_IV_3_C_1","Accounts"
"Aktywa_A_IV_3_C_2","Aktywa_A_IV_3_C_2","Accounts"
"Aktywa_A_IV_3_C_3","Aktywa_A_IV_3_C_3","Accounts"
"Aktywa_A_IV_3_C_4","Aktywa_A_IV_3_C_4","Accounts"
"Aktywa_A_IV_4","Aktywa_A_IV_4","Accounts"
"Aktywa_A_V_1","Aktywa_A_V_1","Accounts"
"Aktywa_A_V_2","Aktywa_A_V_2","Accounts"
"Aktywa_B_I_1","Aktywa_B_I_1","Accounts"
"Aktywa_B_I_2","Aktywa_B_I_2","Accounts"
"Aktywa_B_I_3","Aktywa_B_I_3","Accounts"
"Aktywa_B_I_4","Aktywa_B_I_4","Accounts"
"Aktywa_B_I_5","Aktywa_B_I_5","Accounts"
"Aktywa_B_II_1_A_1","Aktywa_B_II_1_A_1","Accounts"
"Aktywa_B_II_1_A_2","Aktywa_B_II_1_A_2","Accounts"
"Aktywa_B_II_1_B","Aktywa_B_II_1_B","Accounts"
"Aktywa_B_II_2_A_1","Aktywa_B_II_2_A_1","Accounts"
"Aktywa_B_II_2_A_2","Aktywa_B_II_2_A_2","Accounts"
"Aktywa_B_II_2_B","Aktywa_B_II_2_B","Accounts"
"Aktywa_B_II_3_A_1","Aktywa_B_II_3_A_1","Accounts"
"Aktywa_B_II_3_A_2","Aktywa_B_II_3_A_2","Accounts"
"Aktywa_B_II_3_B","Aktywa_B_II_3_B","Accounts"
"Aktywa_B_II_3_C","Aktywa_B_II_3_C","Accounts"
"Aktywa_B_II_3_D","Aktywa_B_II_3_D","Accounts"
"Aktywa_B_III_1_A_1","Aktywa_B_III_1_A_1","Accounts"
"Aktywa_B_III_1_A_2","Aktywa_B_III_1_A_2","Accounts"
"Aktywa_B_III_1_A_3","Aktywa_B_III_1_A_3","Accounts"
"Aktywa_B_III_1_A_4","Aktywa_B_III_1_A_4","Accounts"
"Aktywa_B_III_1_B_1","Aktywa_B_III_1_B_1","Accounts"
"Aktywa_B_III_1_B_2","Aktywa_B_III_1_B_2","Accounts"
"Aktywa_B_III_1_B_3","Aktywa_B_III_1_B_3","Accounts"
"Aktywa_B_III_1_B_4","Aktywa_B_III_1_B_4","Accounts"
"Aktywa_B_III_1_C_1","Aktywa_B_III_1_C_1","Accounts"
"Aktywa_B_III_1_C_2","Aktywa_B_III_1_C_2","Accounts"
"Aktywa_B_III_1_C_3","Aktywa_B_III_1_C_3","Accounts"
"Aktywa_B_III_2","Aktywa_B_III_2","Accounts"
"Aktywa_B_IV","Aktywa_B_IV","Accounts"
"Aktywa_C","Aktywa_C","Accounts"
"Aktywa_D","Aktywa_D","Accounts"
"Pasywa_A_I","Pasywa_A_I","Accounts"
"Pasywa_A_II","Pasywa_A_II","Accounts"
"Pasywa_A_II_1","Pasywa_A_II_1","Accounts"
"Pasywa_A_III","Pasywa_A_III","Accounts"
"Pasywa_A_III_1","Pasywa_A_III_1","Accounts"
"Pasywa_A_IV","Pasywa_A_IV","Accounts"
"Pasywa_A_IV_1","Pasywa_A_IV_1","Accounts"
"Pasywa_A_IV_2","Pasywa_A_IV_2","Accounts"
"Pasywa_A_V","Pasywa_A_V","Accounts"
"Pasywa_A_VI","Pasywa_A_VI","Accounts"
"Pasywa_A_VII","Pasywa_A_VII","Accounts"
"Pasywa_B_I_1","Pasywa_B_I_1","Accounts"
"Pasywa_B_I_2_1","Pasywa_B_I_2_1","Accounts"
"Pasywa_B_I_2_2","Pasywa_B_I_2_2","Accounts"
"Pasywa_B_I_3_1","Pasywa_B_I_3_1","Accounts"
"Pasywa_B_I_3_2","Pasywa_B_I_3_2","Accounts"
"Pasywa_B_II_1","Pasywa_B_II_1","Accounts"
"Pasywa_B_II_2","Pasywa_B_II_2","Accounts"
"Pasywa_B_II_3_A","Pasywa_B_II_3_A","Accounts"
"Pasywa_B_II_3_B","Pasywa_B_II_3_B","Accounts"
"Pasywa_B_II_3_C","Pasywa_B_II_3_C","Accounts"
"Pasywa_B_II_3_D","Pasywa_B_II_3_D","Accounts"
"Pasywa_B_II_3_E","Pasywa_B_II_3_E","Accounts"
"Pasywa_B_III_1_A_1","Pasywa_B_III_1_A_1","Accounts"
"Pasywa_B_III_1_A_2","Pasywa_B_III_1_A_2","Accounts"
"Pasywa_B_III_1_B","Pasywa_B_III_1_B","Accounts"
"Pasywa_B_III_2_A_1","Pasywa_B_III_2_A_1","Accounts"
"Pasywa_B_III_2_A_2","Pasywa_B_III_2_A_2","Accounts"
"Pasywa_B_III_2_B","Pasywa_B_III_2_B","Accounts"
"Pasywa_B_III_3_A","Pasywa_B_III_3_A","Accounts"
"Pasywa_B_III_3_B","Pasywa_B_III_3_B","Accounts"
"Pasywa_B_III_3_C","Pasywa_B_III_3_C","Accounts"
"Pasywa_B_III_3_D_1","Pasywa_B_III_3_D_1","Accounts"
"Pasywa_B_III_3_D_2","Pasywa_B_III_3_D_2","Accounts"
"Pasywa_B_III_3_E","Pasywa_B_III_3_E","Accounts"
"Pasywa_B_III_3_F","Pasywa_B_III_3_F","Accounts"
"Pasywa_B_III_3_G","Pasywa_B_III_3_G","Accounts"
"Pasywa_B_III_3_H","Pasywa_B_III_3_H","Accounts"
"Pasywa_B_III_3_I","Pasywa_B_III_3_I","Accounts"
"Pasywa_B_III_4","Pasywa_B_III_4","Accounts"
"Pasywa_B_IV_1","Pasywa_B_IV_1","Accounts"
"Pasywa_B_IV_2_1","Pasywa_B_IV_2_1","Accounts"
"Pasywa_B_IV_2_2","Pasywa_B_IV_2_2","Accounts"
"RZiSPor_E_I","RZiSPor_E_I","Accounts"
"RZiSPor_D_I","RZiSPor_D_I","Accounts"
"RZiSPor_H_II_J","RZiSPor_H_II_J","Accounts"
"RZiSPor_H_I_J","RZiSPor_H_I_J","Accounts"
"RZiSPor_H_I","RZiSPor_H_I","Accounts"
"RZiSPor_B_I","RZiSPor_B_I","Accounts"
"RZiSPor_A_J","RZiSPor_A_J","Accounts"
"RZiSPor_G_III_J","RZiSPor_G_III_J","Accounts"
"RZiSPor_G_II_J","RZiSPor_G_II_J","Accounts"
"RZiSPor_B_IV_1","RZiSPor_B_IV_1","Accounts"
"RZiSPor_G_I_B_1","RZiSPor_G_I_B_1","Accounts"
"RZiSPor_G_I_A_1","RZiSPor_G_I_A_1","Accounts"
"RZiSPor_B_VI_1","RZiSPor_B_VI_1","Accounts"
"RZiSPor_G_I_A","RZiSPor_G_I_A","Accounts"
"RZiSPor_A_I","RZiSPor_A_I","Accounts"
"RZiSPor_B_II","RZiSPor_B_II","Accounts"
"RZiSPor_D_II","RZiSPor_D_II","Accounts"
"RZiSPor_E_II","RZiSPor_E_II","Accounts"
"RZiSPor_G_I_B","RZiSPor_G_I_B","Accounts"
"RZiSPor_G_II","RZiSPor_G_II","Accounts"
"RZiSPor_H_II","RZiSPor_H_II","Accounts"
"RZiSPor_E_III","RZiSPor_E_III","Accounts"
"RZiSPor_G_III","RZiSPor_G_III","Accounts"
"RZiSPor_B_III","RZiSPor_B_III","Accounts"
"RZiSPor_A_III","RZiSPor_A_III","Accounts"
"RZiSPor_A_II","RZiSPor_A_II","Accounts"
"RZiSPor_H_III","RZiSPor_H_III","Accounts"
"RZiSPor_D_III","RZiSPor_D_III","Accounts"
"RZiSPor_H_IV_rk","RZiSPor_H_IV_rk","Accounts"
"RZiSPor_H_IV_poz","RZiSPor_H_IV_poz","Accounts"
"RZiSPor_G_IV","RZiSPor_G_IV","Accounts"
"RZiSPor_A_IV","RZiSPor_A_IV","Accounts"
"RZiSPor_B_IV","RZiSPor_B_IV","Accounts"
"RZiSPor_D_IV","RZiSPor_D_IV","Accounts"
"RZiSPor_B_V","RZiSPor_B_V","Accounts"
"RZiSPor_G_V_rk","RZiSPor_G_V_rk","Accounts"
"RZiSPor_G_V_poz","RZiSPor_G_V_poz","Accounts"
"RZiSPor_B_VI","RZiSPor_B_VI","Accounts"
"RZiSPor_B_VII","RZiSPor_B_VII","Accounts"
"RZiSPor_B_VIII","RZiSPor_B_VIII","Accounts"
"RZiSPor_J","RZiSPor_J","Accounts"
"RZiSPor_K","RZiSPor_K","Accounts"
"RZiSKalk_A_J","RZiSKalk_A_J","Accounts"
"RZiSKalk_A_I","RZiSKalk_A_I","Accounts"
"RZiSKalk_A_II","RZiSKalk_A_II","Accounts"
"RZiSKalk_B_J","RZiSKalk_B_J","Accounts"
"RZiSKalk_B_I","RZiSKalk_B_I","Accounts"
"RZiSKalk_B_II","RZiSKalk_B_II","Accounts"
"RZiSKalk_D","RZiSKalk_D","Accounts"
"RZiSKalk_E","RZiSKalk_E","Accounts"
"RZiSKalk_G_I","RZiSKalk_G_I","Accounts"
"RZiSKalk_G_II","RZiSKalk_G_II","Accounts"
"RZiSKalk_G_III","RZiSKalk_G_III","Accounts"
"RZiSKalk_G_IV","RZiSKalk_G_IV","Accounts"
"RZiSKalk_H_I","RZiSKalk_H_I","Accounts"
"RZiSKalk_H_II","RZiSKalk_H_II","Accounts"
"RZiSKalk_H_III","RZiSKalk_H_III","Accounts"
"RZiSKalk_J_I_A","RZiSKalk_J_I_A","Accounts"
"RZiSKalk_J_I_A_1","RZiSKalk_J_I_A_1","Accounts"
"RZiSKalk_J_I_B","RZiSKalk_J_I_B","Accounts"
"RZiSKalk_J_I_B_1","RZiSKalk_J_I_B_1","Accounts"
"RZiSKalk_J_II","RZiSKalk_J_II","Accounts"
"RZiSKalk_J_II_J","RZiSKalk_J_II_J","Accounts"
"RZiSKalk_J_III","RZiSKalk_J_III","Accounts"
"RZiSKalk_J_III_J","RZiSKalk_J_III_J","Accounts"
"RZiSKalk_J_IV","RZiSKalk_J_IV","Accounts"
"RZiSKalk_J_V_rk","RZiSKalk_J_V_rk","Accounts"
"RZiSKalk_J_V_poz","RZiSKalk_J_V_poz","Accounts"
"RZiSKalk_K_I","RZiSKalk_K_I","Accounts"
"RZiSKalk_K_I_J","RZiSKalk_K_I_J","Accounts"
"RZiSKalk_K_II","RZiSKalk_K_II","Accounts"
"RZiSKalk_K_II_J","RZiSKalk_K_II_J","Accounts"
"RZiSKalk_K_III","RZiSKalk_K_III","Accounts"
"RZiSKalk_K_IV_rk","RZiSKalk_K_IV_rk","Accounts"
"RZiSKalk_K_IV_poz","RZiSKalk_K_IV_poz","Accounts"
"RZiSKalk_M","RZiSKalk_M","Accounts"
"RZiSKalk_N","RZiSKalk_N","Accounts"